{"clairvoyant_f_sw": [1.7410699999999903, 1.0815739999999772, 1.0719280000000284, 2.1366899999999815], "clairvoyant_a_sw": [1.102350000000001, 1.8926385714285912, 1.5559199999999982, 0.966223999999998]}