{"clairvoyant_f_sw": [1.7410699999999903, 1.0815739999999772, 1.0719280000000284, 2.1366899999999815], "clairvoyant_a_sw": [2.2348328571428815, 1.0236563157894787, 1.5210821052631476, 2.3669199999999857]}