{"clairvoyant_q_f": 0.24936147844443757, "clairvoyant_q_a": 0.48842019490079885, "clairvoyant_nq_f": 1.7742390000000792, "clairvoyant_nq_a": 2.1363950000000385}